,book_title,book_title_length,image_filename,image_type
0,A Light in the ...,18,2cdad67c44b002e7ead0cc35693c0e8b,jpg
1,Tipping the Velvet,18,260c6ae16bce31c8f8c95daddd9f4a1c,jpg
2,Soumission,10,3eef99c9d9adef34639f510662022830,jpg
3,Sharp Objects,13,3251cf3a3412f53f339e42cac2134093,jpg
4,Sapiens: A Brief History ...,28,bea5697f2534a2f86a3ef27b5a8c12a6,jpg
5,The Requiem Red,15,68339b4c9bc034267e1da611ab3b34f8,jpg
6,The Dirty Little Secrets ...,28,92274a95b7c251fea59a2b8a78275ab4,jpg
7,The Coming Woman: A ...,23,3d54940e57e662c4dd1f3ff00c78cc64,jpg
8,The Boys in the ...,19,66883b91f6804b2323c8369331cb7dd1,jpg
9,The Black Maria,15,5846057e28022268153beff6d352b06c,jpg
10,Starving Hearts (Triangular Trade ...,37,bef44da28c98f905a3ebec0b87be8530,jpg
11,Shakespeare's Sonnets,21,1048f63d3b5061cd2f424d20b3f9b666,jpg
12,Set Me Free,11,5b88c52633f53cacf162c15f4f823153,jpg
13,Scott Pilgrim's Precious Little ...,35,94b1b8b244bce9677c2f29ccc890d4d2,jpg
14,Rip it Up and ...,17,81c4a973364e17d01f217e1188253d5e,jpg
15,Our Band Could Be ...,21,54607fe8945897cdcced0044103b10b6,jpg
16,Olio,4,553310a7162dfbc2c6d19a84da0df9e1,jpg
17,Mesaerion: The Best Science ...,31,09a3aef48557576e1a85ba7efea8ecb7,jpg
18,Libertarianism for Beginners,28,0bbcd0a6f4bcd81ccb1049a52736406e,jpg
19,It's Only the Himalayas,23,27a53d0bb95bdd88288eaf66c9230d7e,jpg
20,In Her Wake,11,5d72709c6a7a9584a4d1cf07648bfce1,jpg
21,How Music Works,15,5cc8e107246cb478960d4f0aba1e1c8e,jpg
22,Foolproof Preserving: A Guide ...,33,9f59f01fa916a7bb8f0b28a4012179a4,jpg
23,Chase Me (Paris Nights ...,26,9c2e0eb8866b8e3f3b768994fd3d1c1a,jpg
24,Black Dust,10,44ccc99c8f82c33d4f9d2afa4ef25787,jpg
25,Birdsong: A Story in ...,24,af6e796160fe63e0cf19d44395c7ddf2,jpg
26,America's Cradle of Quarterbacks: ...,37,ef0bed08de4e083dba5e20fdb98d9c36,jpg
27,Aladdin and His Wonderful ...,29,d6da0371958068bbaf39ea9c174275cd,jpg
28,Worlds Elsewhere: Journeys Around ...,37,2e98c332bf8563b584784971541c4445,jpg
29,Wall and Piece,14,a5416b9646aaa7287baa287ec2590270,jpg
30,The Four Agreements: A ...,26,0f7ee69495c0df1d35723f012624a9f8,jpg
31,The Five Love Languages: ...,28,38c56fba316c07305643a8065269594e,jpg
32,The Elephant Tree,17,5d7ecde8e81513eba8a64c9fe000744b,jpg
33,The Bear and the ...,20,cfbb5e62715c6d888fd07794c9bab5d6,jpg
34,Sophie's World,14,6571919836ec51ed54f0050c31d8a0cd,jpg
35,Penny Maybe,11,1253c21c5ef3c6d075c5fa3f5fecee6a,jpg
36,Maude (1883-1993):She Grew Up ...,33,f5889d038f5d8e949b494d147c2dcf54,jpg
37,"In a Dark, Dark ...",19,238570a1c284e730dbc737a7e631ae2b,jpg
38,Behind Closed Doors,19,e15c289ba58cea38519e1281e859f0c1,jpg
39,You can't bury them ...,23,e9203b733126c4a0832a1c7885dc27cf,jpg
40,Slow States of Collapse: ...,28,72417db983862010ef0c1a25de98c7d7,jpg
41,Reasons to Stay Alive,21,cbbdb0222ee8a0f6ab61657412a15794,jpg
42,Private Paris (Private #10),27,9d0533bae1578846d728a82913b95c26,jpg
43,#HigherSelfie: Wake Up Your ...,31,9c463c7631c82401160fd3b554b8f0e1,jpg
44,Without Borders (Wanderlove #1),31,24e2f5c9d325c4004d8190c054da86dd,jpg
45,When We Collided,16,08044269fc197645268a6197c57e6173,jpg
46,"We Love You, Charlie ...",24,5f152afdbc42356ecba02f61058a7e5b,jpg
47,Untitled Collection: Sabbath Poems ...,38,f93b4a650f03a5d21f2436d7813f42c2,jpg
48,Unseen City: The Majesty ...,28,41a20f35adf0caea24f208dc01ad7681,jpg
49,Unicorn Tracks,14,768ea5924ac1ef6297c2be9959c796c2,jpg
50,Unbound: How Eight Technologies ...,35,4a3b055f9e378a95fedbef55e7bab7ce,jpg
51,Tsubasa: WoRLD CHRoNiCLE 2 ...,30,36df4caaf1420b1183a8235355d39e69,jpg
52,Throwing Rocks at the ...,25,038650c9e7517b4baf2a423cd8eed38f,jpg
53,This One Summer,15,c4ddd9ced89966b0602ec85e00cd5b61,jpg
54,Thirst,6,c40a64f59e7487b1a80a049f6ceb2ba5,jpg
55,The Torch Is Passed: ...,24,33e507172541628acfd421503196b578,jpg
56,The Secret of Dreadwillow ...,29,c4a2a1a026c67bcceb5a411c724d7d0c,jpg
57,The Pioneer Woman Cooks: ...,28,b7f4843dbe062d44be1ffcfa16b2faa4,jpg
58,The Past Never Ends,19,89b850edb01851a91f64ba114b96acb6,jpg
59,The Natural History of ...,26,5d7f496cdf5e5962a73ecdcc1505c1d5,jpg
60,The Nameless City (The ...,26,f479de5f305c2ac0512702cf7155bb74,jpg
61,The Murder That Never ...,25,dc44f8e2aebac48ca8553814d9b021a8,jpg
62,The Most Perfect Thing: ...,27,d48d5122a15347e9fe2b15ad354d69bf,jpg
63,The Mindfulness and Acceptance ...,34,f86d08178e3788563ac17be5aefd29f0,jpg
64,The Life-Changing Magic of ...,30,95647d6a526bf54120b9445e124794e1,jpg
65,The Inefficiency Assassin: Time ...,35,75dce2f5949b407161f37f0af249b018,jpg
66,The Gutsy Girl: Escapades ...,29,641570cd7e7aded53c7d33d78a9629f1,jpg
67,The Electric Pencil: Drawings ...,33,2e236e23ad52aa74505f224f6552eda8,jpg
68,The Death of Humanity: ...,26,71df730cf38c232ee58a2e407135f055,jpg
69,The Bulletproof Diet: Lose ...,30,ee3e219d23e73ba71c79b700f183aaed,jpg
70,The Art Forger,14,70fa6c0437d9c97dbeada6bd32bf9d2c,jpg
71,The Age of Genius: ...,22,2d4e358712e6c9f1d3bdd78d1a16e5a8,jpg
72,The Activist's Tao Te ...,25,96db61bb53930c560fb4c1c62b583816,jpg
73,Spark Joy: An Illustrated ...,29,f34ffb24cc21c9f9f52dad4fd8f3ac21,jpg
74,Soul Reader,11,69852567cf97264a1442cbc882c84903,jpg
75,Security,8,dadfac66a89774b46b10225362724c83,jpg
76,"Saga, Volume 6 (Saga ...",24,43aee83ebb31e2122a7215e413770e5c,jpg
77,"Saga, Volume 5 (Saga ...",24,e1ea6cb36e62ae6dc7b805f68ab9a700,jpg
78,Reskilling America: Learning to ...,35,97f8debeeaaece9603267653076e760f,jpg
79,"Rat Queens, Vol. 3: ...",23,f3efd43ae0fa85d9b325d5e8783e7af5,jpg
80,"Princess Jellyfish 2-in-1 Omnibus, ...",38,780b2c28122750c2c383846155815bf7,jpg
81,Princess Between Worlds (Wide-Awake ...,39,b7e84b78be3d9bb79b71156a5e5d4e42,jpg
82,"Pop Gun War, Volume ...",23,c82f629a31b3f47bdb17ac14aa51076d,jpg
83,"Political Suicide: Missteps, Peccadilloes, ...",46,6444dacdcb9edaadbbd691524622aeb8,jpg
84,Patience,8,01726c619a05114dca75bd840095016d,jpg
85,"Outcast, Vol. 1: A ...",22,cb004189f548d75ad430d3ed19e6daa9,jpg
86,orange: The Complete Collection ...,35,03886a8502ca54dbce0d91c2568ab69d,jpg
87,Online Marketing for Busy ...,29,ea9b2cb8abbb317402e618445bade1e1,jpg
88,On a Midnight Clear,19,a114d70e7babf110ba42a389078e9a45,jpg
89,Obsidian (Lux #1),17,fc72f158554b4b4164701e1dfa1153c7,jpg
90,My Paris Kitchen: Recipes ...,29,f565af3d9dd20a1ad72a1e7c4157387d,jpg
91,Masks and Shadows,17,ffe81bf98f8386ef29e193abfb6f9c1e,jpg
92,Mama Tried: Traditional Italian ...,35,10c61093002db1fec4089d8076678624,jpg
93,"Lumberjanes, Vol. 2: Friendship ...",35,d3158e8d3546fb90cced3c1d44a92a34,jpg
94,"Lumberjanes, Vol. 1: Beware ...",31,7ea062007ef00107e3c16d336b41fab2,jpg
95,Lumberjanes Vol. 3: A ...,25,5fb1bf88dcfda795606745ce35be5975,jpg
96,"Layered: Baking, Building, and ...",34,98d1c979c4bac9e147a6718946578b0f,jpg
97,Judo: Seven Steps to ...,24,5f52b1bc6d45daab2e330c744feb0359,jpg
98,Join,4,9363f0065fbad5689f44fcf6e203eef3,jpg
99,In the Country We ...,21,feeafd2ad7b3077f8e74cbb1da9e3c7d,jpg
100,Immunity: How Elie Metchnikoff ...,34,261c4eaf957ae4aacf2229b482e76dbe,jpg
101,"I Hate Fairyland, Vol. ...",26,aa74004807e97a79aa084b5db329a99b,jpg
102,I am a Hero ...,15,16d443437126bf6d536a89312c1995a5,jpg
103,How to Be Miserable: ...,24,da8bc9b824dd3f446ef63e438ddbfc85,jpg
104,Her Backup Boyfriend (The ...,29,1ebbbc3e2d3249b111033cfc40763b0b,jpg
105,"Giant Days, Vol. 2 ...",22,906f0168b0e155a7077625499b1737b5,jpg
106,Forever and Forever: The ...,28,d658a1485b130ff26ca5fb0d5975ed2e,jpg
107,First and First (Five ...,25,c4d1517cc9370e292366b6132ca9ca36,jpg
108,Fifty Shades Darker (Fifty ...,30,ccbdae9e29b3594301528fa2c876ec29,jpg
109,Everydata: The Misinformation Hidden ...,40,6494bf61176ca73b61255909230030be,jpg
110,Don't Be a Jerk: ...,20,953013d044aa313cc162dec414f3969a,jpg
111,Danganronpa Volume 1,20,7897eea91c4a85aca58d925861d4afec,jpg
112,Crown of Midnight (Throne ...,29,6625e3bbb050de3e42a0c302c0d69f1f,jpg
113,"Codename Baboushka, Volume 1: ...",33,f688a9d6a89fdf38e4e88439ee9eda69,jpg
114,Camp Midnight,13,ddc95df6754df8e71bf969c088056188,jpg
115,Call the Nurse: True ...,24,889e0bac4c7c0e7178f0165b8d3b4617,jpg
116,Burning,7,269507c7bb35d2cec9b61a03d1c28e67,jpg
117,Bossypants,10,27d20361745ec2f7be668b18a4da29da,jpg
118,"Bitch Planet, Vol. 1: ...",25,e41d34204a1fffbf825d8beb3dbf4cbc,jpg
119,Avatar: The Last Airbender: ...,31,061811c5845d0e13bc04b2a755f0830f,jpg
120,Algorithms to Live By: ...,26,23b42e094c02d52b14b11a960d49610e,jpg
121,A World of Flavor: ...,22,782e315667ec50759b8603527ee33dec,jpg
122,"A Piece of Sky, ...",19,088995e862aac86c88c608d763f6390e,jpg
123,A Murder in Time,16,11aaad48b5f15e262456ca65294084da,jpg
124,A Flight of Arrows ...,22,8296f92b70fb1dafefecda92c1d51941,jpg
125,A Fierce and Subtle ...,23,12f1963957f27fa83d51f76b183ef490,jpg
126,A Court of Thorns ...,21,c08816960890396213a423941af65b8f,jpg
127,(Un)Qualified: How God Uses ...,31,cddb3eb483ef11a088d519205b7098fb,jpg
128,You Are What You ...,20,6b70f2cdb17d9ab7551240a88b9211fe,jpg
129,William Shakespeare's Star Wars: ...,36,0237b445efc18c5562355a5a2c40889c,jpg
130,Tuesday Nights in 1980,22,6bdae061cb92c32b0b83cda8dd10275d,jpg
131,Tracing Numbers on a ...,24,06a6cfcf89afd1601cbba1a16cda57fb,jpg
132,Throne of Glass (Throne ...,27,32d6aa560e8ddf2a4da1526b95d4c7ab,jpg
133,Thomas Jefferson and the ...,28,974709d437b08e74649b5744471bf472,jpg
134,Thirteen Reasons Why,20,8a83b6ce350f01bab21f85e6ba539316,jpg
135,The White Cat and ...,21,2632a1e12f2c085fabbe022ae4cd6933,jpg
136,The Wedding Dress,17,28992d89f4abf54fba183fc8d074adf3,jpg
137,The Vacationers,15,372578cc073efae80cf284b56040a488,jpg
138,The Third Wave: An ...,22,d077a30042df6b916bfc8d257345c69e,jpg
139,The Stranger,12,ea0476a6f4c318ceccf5e2f2b39f2b15,jpg
140,The Shadow Hero (The ...,24,1f621dda1b302fc16d83d94b0b5ac31c,jpg
141,The Secret (The Secret ...,26,4e0f05ae01d8fb6bd0d3901edd06de16,jpg
142,The Regional Office Is ...,26,f8314c7fdaa79fb7191a583e9a852db8,jpg
143,The Psychopath Test: A ...,26,34f5f8e513c5f048241f5695e61b2483,jpg
144,The Project,11,106e2fc7160712edf8e2ff996dc8cd6c,jpg
145,The Power of Now: ...,21,0338682e76bad3216cd4c6c28b2b625a,jpg
146,The Omnivore's Dilemma: A ...,29,14f3d525e2a114cd71e27201a16af188,jpg
147,The Nerdy Nummies Cookbook: ...,31,61bdfe3950643c47d70c37c4123530f3,jpg
148,The Murder of Roger ...,23,29fe70b1b2e5a9ba61d4bd331255e19e,jpg
149,The Mistake (Off-Campus #2),27,a543b100a8c1861c1bf5374ca6b576fe,jpg
150,The Matchmaker's Playbook (Wingmen ...,38,84acb0606c96e55dc729a9d6572a08fb,jpg
151,The Love and Lemons ...,23,0d1f3f934460f5a50aaa8c366641234c,jpg
152,The Long Shadow of ...,22,f2e51dd2b26600459f8eaeb6b9eecaa7,jpg
153,The Kite Runner,15,589d73503d9a23d224de836134fae553,jpg
154,The House by the ...,20,0dcb33d60b0e79adf8ab9842e697ea2e,jpg
155,The Glittering Court (The ...,29,3e0b16851bec08b6cbf78d5f64af9114,jpg
156,The Girl on the ...,19,256c946dd0962095f66c6de3b15ab300,jpg
157,The Genius of Birds,19,1357c6aa40c9e63d2f931927fbf81f3f,jpg
158,The Emerald Mystery,19,81586cd0bf8743e1f5ed80b6a0e1fabe,jpg
159,The Cookies & Cups ...,22,54899b4584e941ceced511d81092c88a,jpg
160,The Bridge to Consciousness: ...,32,feb764b2afa54991cfdbbffdf501b333,jpg
161,The Artist's Way: A ...,23,0e6dc2484322c5b9e7854ced66fdf62d,jpg
162,The Art of War,14,6d71e36c8b1b9c885e1bb6c72cd8bcf8,jpg
163,The Argonauts,13,0a1567cd04a6582d333db71337b4e2a6,jpg
164,The 10% Entrepreneur: Live ...,30,82939ca78da0b724f16ec814849514fd,jpg
165,Suddenly in Love (Lake ...,26,e9f4bc8cf5ffaea1504623c936e90a48,jpg
166,Something More Than This,24,5910fbd8a95e8e9de9c660b71e0694e2,jpg
167,Soft Apocalypse,15,f0060c756556b855184fa32f66280961,jpg
168,So You've Been Publicly ...,27,6ed4991d97f60db29ec7b421e61a2cf3,jpg
169,Shoe Dog: A Memoir ...,22,19aa1184a3565b1dae6092146018e109,jpg
170,"Shobu Samurai, Project Aryoku ...",33,ae0ccc307568b6d7699786411f3cbcc4,jpg
171,Secrets and Lace (Fatal ...,27,847c06b541e2a3b2228b96d97a5fe7a6,jpg
172,Scarlett Epstein Hates It ...,29,0fd306891f8fd3196653022fd67d6c87,jpg
173,Romero and Juliet: A ...,24,12f8002e5aab6d783e29b31aad36b5ba,jpg
174,Redeeming Love,14,2121ba78e26194d92c334fde3850f840,jpg
175,Poses for Artists Volume ...,28,5a89e2dd7866dda6660fe508bc4b5249,jpg
176,Poems That Make Grown ...,25,386468a8c3e6b880664bf7885bf6f726,jpg
177,"Nightingale, Sing",17,18086e581ad354aa65f945c2b5c51350,jpg
178,Night Sky with Exit ...,23,2554431c797ec725eea50b3f8a83758c,jpg
179,Mrs. Houdini,12,0efe86960cdff718aed01a5c3f65b1c3,jpg
180,Modern Romance,14,2878538a1039d9c4649110499a1393fb,jpg
181,Miss Peregrine’s Home for ...,29,01264865c12ed6d987d6f0858cd1d0ba,jpg
182,Louisa: The Extraordinary Life ...,34,6fd92e5143cbd5bb8bcf034e5f007dde,jpg
183,Little Red,10,8025b80a40178f2a6dd4f99ad88e0fba,jpg
184,Library of Souls (Miss ...,26,f85417465a73e33604624205ba8306cc,jpg
185,Large Print Heart of ...,24,bde95ab9f776c911a7aa759cad60bb41,jpg
186,I Had a Nice ...,16,5f72c8a0d5a7292e2929a354ec8a022f,jpg
187,Hollow City (Miss Peregrine’s ...,33,e260b008b7ea7970562295b7bc64b0cb,jpg
188,Grumbles,8,d61b12ef0e69d49e2645537dd6a8472a,jpg
189,Full Moon over Noah’s ...,25,57770cac1628f4407636635f4b85e88c,jpg
190,Frostbite (Vampire Academy #2),30,7176317f1915fa0658bb2fe400441207,jpg
191,Follow You Home,15,a74b35375ce874153fd352e33bc7bac9,jpg
192,First Steps for New ...,23,f1731459b1e2f4becf2c52b8f30b8cd7,jpg
193,Finders Keepers (Bill Hodges ...,32,6a81103b1c01a3f6c56e5718a838a4c8,jpg
194,"Fables, Vol. 1: Legends ...",27,518c184a793b751b43045637c8002eb7,jpg
195,Eureka Trivia 6.0,17,96173470df6fc6fef4d0008e957653ce,jpg
196,Drive: The Surprising Truth ...,31,8a490347afdc10abe7c2099e466de32f,jpg
197,Done Rubbed Out (Reightman ...,30,084da0199a717cb6c1eda30f98d0ea4c,jpg
198,Doing It Over (Most ...,23,e9250495a525eb203652ad9da85ccb8e,jpg
199,Deliciously Ella Every Day: ...,31,20f28657b49f8cb24ed2ec6448bb6df3,jpg
200,Dark Notes,10,6e4e8f4f4abd94356a9be840e4681e65,jpg
201,Daring Greatly: How the ...,27,55ced903becc59121d6edb47a4dcfb56,jpg
202,Close to You,12,faf6d69a42f477e1da80a71f05a4dc25,jpg
203,Chasing Heaven: What Dying ...,30,b76a73640d26b09c4a6f373b09050bed,jpg
204,Big Magic: Creative Living ...,30,62ad9b4077416ddc0c4908062bca0e5e,jpg
205,Becoming Wise: An Inquiry ...,29,ff69c96b05affa03f647287e46210bf9,jpg
206,Beauty Restored (Riley Family ...,33,516f605a957a1f5592b81f4e06c491bb,jpg
207,Batman: The Long Halloween ...,30,78a7f184a4d6d62412861c68f1c3ad90,jpg
208,Batman: The Dark Knight ...,27,bea95dbd7b2a843519c9a1dcfc433f9b,jpg
209,Ayumi's Violin,14,fa18c44fba20b8191f6a88e2e28092fd,jpg
210,Anonymous,9,fb75a0ce3e0b01fa3852806c6d1f1af6,jpg
211,Amy Meets the Saints ...,24,0053efa8515b8e2ad9b029c298766e9f,jpg
212,Amid the Chaos,14,524655fade1d9fe1475395a3eaff827a,jpg
213,Amatus,6,8f92c3b5dc8f5c1a23324bda7477b19c,jpg
214,Agnostic: A Spirited Manifesto,30,9ffc43826233092d2acb4414f86627eb,jpg
215,Zealot: The Life and ...,24,3d6003fc37b842a07c2dbe28e47448e1,jpg
216,You (You #1),12,d697268540fa982f4dce39f61ed3a342,jpg
217,"Wonder Woman: Earth One, ...",28,19396172462f4cc0504d4e6e8b0e1647,jpg
218,Wild Swans,10,bb723ad463531c602ad8bcb244253bf3,jpg
219,Why the Right Went ...,22,db1babd3c09b84da800b0e9897fe0097,jpg
220,Whole Lotta Creativity Going ...,32,ba368dfb2b6ae9979ff59d049c626167,jpg
221,What's It Like in ...,21,43b70859e93901b019791cef86539ffc,jpg
222,"We Are Robin, Vol. ...",22,66d6d2b4c0acfa8f40ad0285186ed2d8,jpg
223,Walt Disney's Alice in ...,26,2850439c2ba103fb69dba9cd2dd9f0c2,jpg
224,V for Vendetta (V ...,21,cc8fb914bfee31a7903a5cabaae64796,jpg
225,Until Friday Night (The ...,27,19cf50aea5bf0e8f4bc016f3745b3dfe,jpg
226,Unbroken: A World War ...,25,74cd3f345b50452c3be6631669f13aa8,jpg
227,Twenty Yawns,12,2b380f77723c797c0389f978afa6db58,jpg
228,Through the Woods,17,4caf8f2a5ee8828d408cc8faadd3419c,jpg
229,This Is Where It ...,20,180bfe1902cb3c0eb77d7c712efa2a96,jpg
230,The Year of Magical ...,23,bfe526c22c7c08235c27a6474ebb4db9,jpg
231,The Wright Brothers,19,022e8b81ba1405991401bb46d6330c73,jpg
232,The White Queen (The ...,24,72d861617b6d3aababe6e61e8d3c1056,jpg
233,The Wedding Pact (The ...,25,7e67addd80caaf8a9f9e9daa9cf66bb2,jpg
234,The Time Keeper,15,8ff8680dde59ea739d6978a01e4d7fe5,jpg
235,The Testament of Mary,21,8305154438c91a02cefacf4ec8b53393,jpg
236,The Star-Touched Queen,22,535e2be0b423797c2cdc7d98882c820a,jpg
237,The Songs of the ...,20,6ca34db7c01e554ad17bd3be74b561e3,jpg
238,The Song of Achilles,20,66f79b76d6c6b64fcc8110515c454e09,jpg
239,The Rosie Project (Don ...,26,f0db1cf76d45f0522d4c8c3c39aa0dd8,jpg
240,The Power of Habit: ...,23,52dfc44f48cf29e7a9e305bcb63e1899,jpg
241,The Marriage of Opposites,25,0fc21ec3489cb23116778ee84f425eca,jpg
242,The Lucifer Effect: Understanding ...,37,a6c8256b123493472591c5855c7de704,jpg
243,The Long Haul (Diary ...,24,46bdee520b8136972262fd040533772d,jpg
244,The Loney,9,6d10387a0175701d4ff456a0c7eee67b,jpg
245,The Literature Book (Big ...,28,9eea51ac4a15d18aa976be459da30c47,jpg
246,The Last Mile (Amos ...,23,37f118b4a56d866e1e8b563759d6966c,jpg
247,The Immortal Life of ...,24,94ac87da7b40853013093f08356efa3b,jpg
248,The Hidden Oracle (The ...,26,b467a4f01ca6ae8464b9425a156c7c32,jpg
249,The Help Yourself Cookbook ...,30,c4dcec6f513eaca3f0f3c748d834c46d,jpg
250,The Guilty (Will Robie ...,26,76deee06ffe45e646c0113af01f4f401,jpg
251,The First Hostage (J.B. ...,27,3834572e651cdc14b18d348fa4875aa9,jpg
252,The Dovekeepers,15,8f3f4d67e30a8129577ccc4664998345,jpg
253,The Darkest Lie,15,1d3c05b772ab846c111970232360d2c5,jpg
254,The Bane Chronicles (The ...,28,9a333c4a06ce187c5c9d2f5969ddcac2,jpg
255,The Bad-Ass Librarians of ...,29,8890073a9c9e3bb696f6baa84fb4dd95,jpg
256,The 14th Colony (Cotton ...,27,d91aae72af6c1cb2c63163acabe7895c,jpg
257,That Darkness (Gardiner and ...,31,449ed681142bc336646abee754e96639,jpg
258,Tastes Like Fear (DI ...,24,3c91d97266bd6dda322089695fb46daf,jpg
259,Take Me with You,16,d8a44eda7cbe7bd1207f868e9adc06f3,jpg
260,Swell: A Year of ...,20,1028b2cf417e49dc1c14609e437a98e0,jpg
261,Superman Vol. 1: Before ...,27,7ec0e9ca6153a23b2024b7df7407ee84,jpg
262,Still Life with Bread ...,25,8ec7f310b74ddd7ec3c859e9b0da7389,jpg
263,Steve Jobs,10,86313c225719ac946894d780c4ff0839,jpg
264,Sorting the Beef from ...,25,68caaf9ac41964d5167a3eb67c638393,jpg
265,Someone Like You (The ...,25,e3d05227f3fc24f0e0c84ccebe108fb0,jpg
266,"So Cute It Hurts!!, ...",23,b2484d13793ff1c4271a3d4023d4d24e,jpg
267,Shtum,5,0316bb6f4785ac69c0643109201bad5d,jpg
268,See America: A Celebration ...,30,9a7e63f12829df4b43b31d110bf3dc2e,jpg
269,salt.,5,3f4160ada0b16e3c64cd2d0dffe781c8,jpg
270,Robin War,9,451d3543022242b8b245793e6b5c26bb,jpg
271,"Red Hood/Arsenal, Vol. 1: ...",29,da78757466c3b0a2c89f0ddf6b5e642f,jpg
272,Rain Fish,9,bbe26db72b8a32117bfe4981b7cc8147,jpg
273,Quarter Life Poetry: Poems ...,30,c8f297fab080ddd02b3ed5c17b83af85,jpg
274,Pet Sematary,12,7a72465b21dbf998323e37b31f9a3f4a,jpg
275,"Overload: How to Unplug, ...",28,9cda4893c7fce0c1c8eaa34fb092aa04,jpg
276,Once Was a Time,15,971212afa8e4ff49d92f678bc889d8b7,jpg
277,Old School (Diary of ...,24,df5d172abe87deda6d533e3e908d27d8,jpg
278,No Dream Is Too ...,19,b56ff04effb66fe701a22abd4a7f1667,jpg
279,"Naruto (3-in-1 Edition), Vol. ...",33,c822360ce0f91c40f7a0491c22287646,jpg
280,My Name Is Lucy ...,19,cab150e556b5fab663a9fec00ed97943,jpg
281,My Mrs. Brown,13,e07906c1e507055da9a2260a74f58273,jpg
282,My Kind of Crazy,16,466e9636819aad1126ac6cefb5313ba8,jpg
283,Mr. Mercedes (Bill Hodges ...,29,a7f092a7b79f848df0226f808fed489b,jpg
284,More Than Music (Chasing ...,28,3fe7073a5caac81929524d2d9488f928,jpg
285,Made to Stick: Why ...,22,e22e4a82d97f9f0689d5295a98f5dcff,jpg
286,Luis Paints the World,21,85e75d5a9309da5807c82decf3d90263,jpg
287,Luckiest Girl Alive,19,81c0a1ce03db82568e2496db945a8227,jpg
288,Lowriders to the Center ...,27,b2978e96069dd91785e5ab0bc99c022e,jpg
289,Love Is a Mix ...,17,a26d8449abb3381e09126eda5f4e8151,jpg
290,Looking for Lovely: Collecting ...,34,611e1804ad968e309a5f788d4ebc1cb4,jpg
291,Living Leadership by Insight: ...,33,e95e82f09681709bb0f927341dda274e,jpg
292,Let It Out: A ...,17,51fcd3e9384894e6a53a753d2ab856ee,jpg
293,Lady Midnight (The Dark ...,27,89a61d48e93bc92537c0a2cb2c0094bb,jpg
294,"It's All Easy: Healthy, ...",27,fe67c381d6a0c4c00a7c191d16939554,jpg
295,Island of Dragons (Unwanteds ...,32,75b99691594fde72ccb1831624cfeff6,jpg
296,I Know What I'm ...,19,ea7bcac4b27a5bf6d4f8125bb7af3361,jpg
297,I Am Pilgrim (Pilgrim ...,25,ed07c9e7c53d4f33a6eb7d41eb0e6d4a,jpg
298,Hyperbole and a Half: ...,25,b5a90d1c36a96513942f006345ace3d2,jpg
299,"Hush, Hush (Hush, Hush ...",26,2ab91479fe480e964f319fa8ac6991b2,jpg
300,Hold Your Breath (Search ...,28,0b89c3b317d0f89da48356a0b5959c1e,jpg
301,Hamilton: The Revolution,24,34ef0844cb1fbca6ab73444087fcf0e6,jpg
302,Greek Mythic History,20,36cf56c7bdf35aadbcc6f05a8e8d8fcb,jpg
303,God: The Most Unpleasant ...,28,1fdb125bcb8cee71f3404b4dc293348c,jpg
304,Glory over Everything: Beyond ...,33,964194a317f8ce5ed031bf4c9ceb43ab,jpg
305,Feathers: Displays of Brilliant ...,35,f2ee668cf593ff13a9560c2801e9c2a2,jpg
306,Far & Away: Places ...,22,11e227bdb5fe8b43dcc2366a157a47c2,jpg
307,Every Last Word,15,92e7f0a8ca38964fea93e911aefbf6c9,jpg
308,Eligible (The Austen Project ...,32,263bf5d128bf18553ea8da8bb19e9a0c,jpg
309,El Deafo,8,34eb0f1b570d4f1f6ad106652f1ac6ff,jpg
310,Eight Hundred Grapes,20,8c011092f05791961d25ec3cfcf0a832,jpg
311,Eaternity: More than 150 ...,28,b1e15eef42c0d71596f9f9ad4e9f48b0,jpg
312,"Eat Fat, Get Thin",17,623f8e7f7432ce744f4318aae8166ce4,jpg
313,Don't Get Caught,16,b2df2ea409c5cf28538b67aff424b11f,jpg
314,Doctor Sleep (The Shining ...,29,55bfc858c1cb19867e41415532ae43c6,jpg
315,Demigods & Magicians: Percy ...,31,8f8074d9f035c2a0ef8595ad89f7bcc8,jpg
316,Dear Mr. Knightley,18,78873811f8c1d75a0c26d8cc8e6a9dbc,jpg
317,Daily Fantasy Sports,20,44ff81a2ea37d3946605e205ddd538eb,jpg
318,Crazy Love: Overwhelmed by ...,30,03f1e337afadba35687672b5625a9757,jpg
319,Cometh the Hour (The ...,24,5511a4296fbd484dcaa89c8a2d25965d,jpg
320,Code Name Verity (Code ...,26,f55886d1bf600529a35e1bd932c78ca0,jpg
321,Clockwork Angel (The Infernal ...,33,ff0ee0002f510112b6d7a88f53366e1d,jpg
322,City of Glass (The ...,22,0008e65aa431ed3625ad3a4352f8e90d,jpg
323,City of Fallen Angels ...,25,c940b6c329ecc39aaed2ab0140592a4b,jpg
324,City of Bones (The ...,22,96af4aaf25ab49b057c10b5b7eb7652c,jpg
325,City of Ashes (The ...,22,68dab382d535305ca6025be9921df0d1,jpg
326,Cell,4,0b97282ed82b771ed328e05386a84adb,jpg
327,Catching Jordan (Hundred Oaks),30,adac97366586d261feab30bf5220756e,jpg
328,"Carry On, Warrior: Thoughts ...",31,ddf5da673bb34a74a81faf7271c7ca13,jpg
329,Carrie,6,c56f37eb53888765eb55f86fb7381c2f,jpg
330,Buying In: The Secret ...,25,f2faa289117546efa0b4068a07778ab0,jpg
331,Brain on Fire: My ...,21,88aad1204951e0900906173b086e6695,jpg
332,Batman: Europa,14,f1fecf0ce9b5771e4d2c9619e8550988,jpg
333,Barefoot Contessa Back to ...,29,b838b65e0e1ac3a9b498dfb1bf004420,jpg
334,Barefoot Contessa at Home: ...,30,74aa29b1ba4147eaf5b46671bf235861,jpg
335,Balloon Animals,15,6e2324cae6335e8e98c8b46597afc9a3,jpg
336,Art Ops Vol. 1,14,0bb4c64f1522c033368df5567a349472,jpg
337,Aristotle and Dante Discover ...,32,611aba0ef5b859ba1977ef30677b0194,jpg
338,Angels Walking (Angels Walking ...,34,500eeb810e940424827580574e46852c,jpg
339,Angels & Demons (Robert ...,27,b42a187c37de904f776070c57f51c756,jpg
340,All the Light We ...,20,41c37f7f0e03ee1144dd6fa89483b5d9,jpg
341,Adulthood Is a Myth: ...,24,a2b974e5a66e7502c77d2e4632abe033,jpg
342,Abstract City,13,e77019ebd71bcf6badb085bddf47c413,jpg
343,A Time of Torment ...,21,e8c0ba15066bab950ae161fd60949b9a,jpg
344,A Study in Scarlet ...,22,8fa41d6caa10e427356b8a590eb4d96b,jpg
345,A Series of Catastrophes ...,28,9b2076ce7414103a093ce2459d089969,jpg
346,A People's History of ...,25,75200336c141156746000f7055df344a,jpg
347,A Man Called Ove,16,9cf1f4a47b8d08909fc092e6ae598d83,jpg
348,A Distant Mirror: The ...,25,41d5fa6a81cdbcbe6b0b15757a4c9144,jpg
349,A Brush of Wings ...,20,4d163d43cb4aa624e599330a39abace5,jpg
350,1491: New Revelations of ...,28,8875f384ce9103281b7f6e86a2b8204d,jpg
351,"The Three Searches, Meaning, ...",32,8335b71599b5a257a56cfabdd79080a4,jpg
352,Searching for Meaning in ...,28,3b045fe0394dc192950a0ec9e3812fe4,jpg
353,Rook,4,5533595a623c3bb947c4a5171fc2df08,jpg
354,My Kitchen Year: 136 ...,24,76a1516c8d9c3e620626f30840013a85,jpg
355,13 Hours: The Inside ...,24,15f78e0b04feb9b94e88865803cb5e9e,jpg
356,Will You Won't You ...,22,16e3ca741956485119251e7442a67e2e,jpg
357,Tipping Point for Planet ...,28,5697f2f8f628129df01c5790985ffd9b,jpg
358,The Star-Touched Queen,22,d30dd8b6be6f9fcfd17178e8083238b6,jpg
359,The Silent Sister (Riley ...,28,302cd9c84442e139145ec0993880d7e0,jpg
360,The Midnight Watch: A ...,25,973a2c3462a18fc90d3b9662d959df37,jpg
361,The Lonely City: Adventures ...,31,5c5e527fea6b17199773bb175b515aee,jpg
362,The Gray Rhino: How ...,23,9f255826f354776dda9afbd5576a7add,jpg
363,The Golden Condom: And ...,26,dc4d070e33813a07a4e02f069e6d482f,jpg
364,The Epidemic (The Program ...,29,87cd652c35e2a78535c83becae33cff2,jpg
365,The Dinner Party,16,ba761d23c5c0e5a0638e04739c69c5d0,jpg
366,The Diary of a ...,18,83d5526864a108d27fd4b03dd31ec18b,jpg
367,The Children,12,d803ab341d3020a3bb280d6135e4ae65,jpg
368,Stars Above (The Lunar ...,26,fd5b14399052ab552e240ed18ab03c6d,jpg
369,Snatched: How A Drug ...,24,2af39796852729270fb23e05a662a42c,jpg
370,Raspberry Pi Electronics Projects ...,37,a2da8957b9cb8265d7f1dfeb0651f1c7,jpg
371,Quench Your Own Thirst: ...,27,2dfdc52bcdbd82dee50372bc46c83e15,jpg
372,Psycho: Sanitarium (Psycho #1.5),32,025c30a378e2a4190e84f1429e81b803,jpg
373,Poisonous (Max Revere Novels ...,32,2352718971d5e166fa9541a5a7d716fa,jpg
374,One with You (Crossfire ...,27,b829181ae95c8f020c1ad3273192de30,jpg
375,No Love Allowed (Dodge ...,26,703e053877204a396ec6e7beac863118,jpg
376,Murder at the 42nd ...,22,c38d65cd155b67ca025f0655bd1bb095,jpg
377,Most Wanted,11,8bbc5ab4c3784b4d9b93eb0fd1fb6fd6,jpg
378,"Love, Lies and Spies",20,7a224a6e174af91950e9b124afe54e0e,jpg
379,How to Speak Golf: ...,22,d264ad1af882ce391005dc7215ac90e7,jpg
380,Hide Away (Eve Duncan ...,25,5707c3d5d4fd44d943d51730ba7d429a,jpg
381,Furiously Happy: A Funny ...,28,ab2ae4f02aa46271b4bfc77494039fc6,jpg
382,Everyday Italian: 125 Simple ...,32,5a6499d41ccaad4c4f7eeaa90e16345a,jpg
383,Equal Is Unfair: America's ...,30,001153d2a22d889837efac1703e10a5e,jpg
384,Eleanor & Park,14,edd781d3c9d63a395f80f241445e88fa,jpg
385,Dirty (Dive Bar #1),19,ae903f6f6d059954be4e85497dd76bf5,jpg
386,Can You Keep a ...,18,0b2f432cc27132f688fcdf29618521e0,jpg
387,Boar Island (Anna Pigeon ...,28,d58157866ea8f015a8e4c55b23b8c96f,jpg
388,A Paris Apartment,17,16575316618bd7e922d5b0e0f87de2ca,jpg
389,A la Mode: 120 ...,18,9819ff3a8290dc6ab8797d00de5ec554,jpg
390,Troublemaker: Surviving Hollywood and ...,41,778285b3c87d6d5d98003aa0f2f65933,jpg
391,The Widow,9,fd71fb07247bf911505a351c0670c6dc,jpg
392,The Sleep Revolution: Transforming ...,38,3dc5455313710cf7055c060114e25bf0,jpg
393,The Improbability of Love,25,06493269f6893cfd24b650f66df51882,jpg
394,The Art of Startup ...,22,b37be83183f1dcb759d92bda8f8998a4,jpg
395,Take Me Home Tonight ...,24,a64b3c559f59748bfdbbe75be3e16075,jpg
396,Sleeping Giants (Themis Files ...,33,c072c1ef144d571abd25fe9cc18cceba,jpg
397,Setting the World on ...,24,8bc43a6b42d0283ab4bf611f1b497126,jpg
398,Playing with Fire,17,900bd2e60d56b6480a4e8eb2dddb46d6,jpg
399,Off the Hook (Fishing ...,25,1d78fe226e1adb9cb591fa21f8a9bf68,jpg
400,Mothering Sunday,16,a8843a3fe1a40d5c7df60bbb8cd76ecd,jpg
401,"Mother, Can You Not?",20,ae03f5d4d4c2ee038ac4c4ce9b71e592,jpg
402,M Train,7,d6e8258cee98f80727e99f7ac5aa1b88,jpg
403,Lilac Girls,11,6c2e764e3ea89859b52df8de4f12af7a,jpg
404,Lies and Other Acts ...,23,2988f5fb3dfd95214dba2ecb2d496c94,jpg
405,Lab Girl,8,e972f8b4abaaa6f8f449479cd9d87be3,jpg
406,Keep Me Posted,14,aeac003461b89c7ef826251d940b2afc,jpg
407,It Didn't Start with ...,24,eea9e831f8964b4dc0190c84a1f9a1f6,jpg
408,Grey (Fifty Shades #4),22,bbeeab4c4ce572c0e9764e3a96c6d4a5,jpg
409,"Exit, Pursued by a ...",22,ca99bafb2a75d4fadb8d64efed26316f,jpg
410,Daredevils,10,31715c5e3b53bf1e2f41e394f024a8c4,jpg
411,Cravings: Recipes for What ...,30,ae5ca435fb095e374d2c2aa9f7b6f380,jpg
412,Born for This: How ...,22,aa677a97ecdcbbde7471f1c90ed0cf6f,jpg
413,Arena,5,518810d182843244a404f2a2a614a93b,jpg
414,Adultery,8,79d99cfa5557be0643ba00bfcd35256b,jpg
415,A Mother's Reckoning: Living ...,32,285861a80930ffa7521dcb8bd19656e9,jpg
416,A Gentleman's Position (Society ...,35,f0e0db3edcb14293a52b51929cc72979,jpg
417,11/22/63,8,f6c5d27eacb123238f28a32263694d74,jpg
418,10% Happier: How I ...,22,40b246cf12df5345dc0371c040fddb4b,jpg
419,10-Day Green Smoothie Cleanse: ...,34,23c2108ae81327c7f3fb0721976cba5e,jpg
420,Without Shame,13,9086ca3d1d5c4059beb7dcf762926e1e,jpg
421,Watchmen,8,0b43137f35134bf211608d1e7197b086,jpg
422,Unlimited Intuition Now,23,6146f9ffb87a4f82301d033aa74cc48b,jpg
423,Underlying Notes,16,ee593e57a7fb110d96f1688b0fdd9d59,jpg
424,The Shack,9,208b77faac57115ae239391fe2a64c86,jpg
425,The New Brand You: ...,22,9b33c7a5431415614f7b788e0c1552c9,jpg
426,The Moosewood Cookbook: Recipes ...,35,d453cfb6c08dbf76d200ffa858bc9979,jpg
427,The Flowers Lied,16,a9f00f8505431e64db0f91df762a6d73,jpg
428,The Fabric of the ...,21,5e7f7d9913d4c95d33904770c518d537,jpg
429,The Book of Mormon,18,83dbf86eb0fed1d99de2148eac4eb064,jpg
430,The Art and Science ...,23,4bd43108fb070ad8ebba9cdb00b14069,jpg
431,The Alien Club,14,93d01bc6bce58e8efbf560e9e3dc3379,jpg
432,Suzie Snowflake: One beautiful ...,34,dbcc9d63b73ce9058d53f36465dbe2b2,jpg
433,Nap-a-Roo,9,271faa1d7561473974d12803feb1f0a1,jpg
434,NaNo What Now? Finding ...,26,f3b94d63844537271e86565071e5d716,jpg
435,Modern Day Fables,17,79405be1357e2576e7f4b307600be914,jpg
436,If I Gave You ...,17,87fe3f7f3f62c1b1b81890578c9cf294,jpg
437,"Fruits Basket, Vol. 9 ...",25,7cea6ff4f6f1427739b136db35fbfad4,jpg
438,Dress Your Family in ...,24,df1418baa09e00b877be35066084c9dc,jpg
439,Don't Forget Steven,19,e775bf9ea6343b2ee0be5166bb445bd2,jpg
440,Chernobyl 01:23:40: The Incredible ...,38,5e76a5026bd17a5b484ae2a60eec0542,jpg
441,Art and Fear: Observations ...,30,ef80e6100214c486562a73ce76444826,jpg
442,A Shard of Ice ...,18,27649cb5da52970f4bb2fc5234a48578,jpg
443,A Hero's Curse (The ...,23,95685fabe00befa6dc91277cde703b55,jpg
444,23 Degrees South: A ...,23,293e31894cd2c5bf2aff452b8c818b66,jpg
445,Zero to One: Notes ...,22,f48ee738bc992a68d08eadcb4338a547,jpg
446,Why Not Me?,11,31a61c2587add91e55a85fec33e93d15,jpg
447,When Breath Becomes Air,23,39a5f0d3280010ca400eb4f5d262b950,jpg
448,Vagabonding: An Uncommon Guide ...,34,d5bf0090470b0b8ea46d9c166f7895aa,jpg
449,The Unlikely Pilgrimage of ...,30,06e2e125d332e2e09a64816ff915b859,jpg
450,The New Drawing on ...,22,6a55ccd4bc2383f5fe915fbef8bd5a23,jpg
451,"The Midnight Assassin: Panic, ...",33,826c590f552ce717a2972649350c8030,jpg
452,The Martian (The Martian ...,28,72ed6908c3fcf2bccf79013a65943849,jpg
453,The High Mountains of ...,25,550091fc134bbe67f562d95a6d6313f7,jpg
454,The Grownup,11,f4cb1f9c7280bf1fd05fe33d2816080f,jpg
455,The E-Myth Revisited: Why ...,29,112c55a6bcd401c3bd603f5ddb2e6b82,jpg
456,South of Sunshine,17,09118b974f3685483f3e4debd1f97c90,jpg
457,Smarter Faster Better: The ...,30,21889b1eddaec853b02a41bdd06eef54,jpg
458,Silence in the Dark ...,23,bb1c91883579f1f99fe6ebf13b92c1c1,jpg
459,Shadows of the Past ...,23,93e0ec623673a8f83598c9aa7b6c94ec,jpg
460,Roller Girl,11,b8bd3e5bc547c7c851689a844c9db429,jpg
461,Rising Strong,13,3bf3c719382c03984ab9766803bed964,jpg
462,Proofs of God: Classical ...,28,3fef12d9da503693af12997c0ea0897f,jpg
463,Please Kill Me: The ...,23,06f185c0be2ad6e2fe059464c03f1b47,jpg
464,Out of Print: City ...,22,93d5c64abfad9ed6a0cb2e26f19f1a1e,jpg
465,My Life Next Door ...,21,98001a78a78ab77027145ff586d64431,jpg
466,Miller's Valley,15,dc1a54201eff16a11e7d84eef5ea36c7,jpg
467,Man's Search for Meaning,24,edffa2eec8d96b8ddcd53d5c2eff8453,jpg
468,Love That Boy: What ...,23,6d1b236549b8d5bc9e20786a25b7e7d1,jpg
469,Living Forward: A Proven ...,28,c9767187068d80827d0967225ce3925d,jpg
470,Les Fleurs du Mal,17,365b3ab7ab72a6258873716aef6d5c1a,jpg
471,Left Behind (Left Behind ...,28,d7e27f418884548ee1b551c67bcd222c,jpg
472,Kill 'Em and Leave: ...,23,8542841f5644a6daf433504f1e106e97,jpg
473,Kierkegaard: A Christian Missionary ...,39,05ce699eaf78c0fae20308497c4f496a,jpg
474,John Vassos: Industrial Design ...,34,85a19d4c20a4801013e8108a166d10af,jpg
475,I'll Give You the ...,21,af933f86038dc55487b5bf1d81ff4bfb,jpg
476,I Will Find You,15,8728f8880e95b848021f6a9b3dcd07ca,jpg
477,Hystopia: A Novel,17,2d7b77d8b45b2f8e1bc0ce20aacddad0,jpg
478,Howl and Other Poems,20,b7293f602efb0c17e305077f8175888a,jpg
479,History of Beauty,17,58a634c3231b5380544cc330536cb5ea,jpg
480,Heaven is for Real: ...,23,586afa8809f59bff51b89b2bc4a16129,jpg
481,Future Shock (Future Shock ...,30,8910c36eec96636288a9cfb61610c9fa,jpg
482,Ender's Game (The Ender ...,27,8a0d251ccece436f956df676c99e70f7,jpg
483,Diary of a Citizen ...,22,334fd0ebdf0c0192baf5914d199c53b5,jpg
484,Death by Leisure: A ...,23,7d16c126f85826628bf9dcccd7a66b32,jpg
485,Brilliant Beacons: A History ...,32,56cb66d73fb438d64af14dce8bd8b22b,jpg
486,Brazen: The Courage to ...,26,3a4fb30cfc5742f4726bc9f807b66cda,jpg
487,Between the World and ...,25,7345c412c4c821f131d3c159e027c3a0,jpg
488,Being Mortal: Medicine and ...,30,c77fdad22e40b8b923ec6c5b1f5a740f,jpg
489,A Murder Over a ...,19,56313728d302c83f2a8c70fba635ce33,jpg
490,32 Yolks,8,1d1fbd89f0290275b9166877663ee9f5,jpg
491,"""Most Blessed of the ...",24,11af7fbd6aec06a75fe207fae92b17e0,jpg
492,You Are a Badass: ...,21,9e15d7add5090ff2a17bd71ac96aa55a,jpg
493,Wildlife of New York: ...,25,0c07b114195b45c156f7f1e23820c49a,jpg
494,What Happened on Beale ...,26,c7abb5e32bd37118a87523dcee0a70a6,jpg
495,Unreasonable Hope: Finding Faith ...,36,8b102daec94d1ea9c6fc36dd3ec1c1fe,jpg
496,Under the Tuscan Sun,20,98c2e95c5fd1a4e7cd5f2b63c52826cb,jpg
497,Toddlers Are A**holes: It's ...,31,4c3041def6f29659e009f61e45e492b0,jpg
498,The Year of Living ...,22,8e4335b369bdad5ccc1551e5592f89ac,jpg
499,The Whale,9,6c18ea03e294bfcfe07cf531c6c5f5b3,jpg
500,The Story of Art,16,bb364a10868756d1c0877c928b43b533,jpg
501,The Origin of Species,21,da0d13699a090516502257a4d7da623f,jpg
502,The Great Gatsby,16,28cb7a5e23c1339a0d6aafd5e7e190d6,jpg
503,The Good Girl,13,e2718be90a081b33d2606a386b073998,jpg
504,The Glass Castle,16,e0e97d416322d9728df7d9e589d6a998,jpg
505,The Faith of Christopher ...,28,cca4e6a4cd5c207e7ce7d992ff464c3b,jpg
506,The Drowning Girls,18,f5d90537f3bed5ad7c8971190beb0730,jpg
507,The Constant Princess (The ...,30,fc80b999ff4b8ef24b7071f62d2bf6d1,jpg
508,The Bourne Identity (Jason ...,30,408d93b27ce8c9cfb3bf66c17e9a54ab,jpg
509,The Bachelor Girl's Guide ...,29,95d7541679fcbd579b8a4f2b47231aaf,jpg
510,The Art Book,12,99511f4da1a4a2114e2ed12e6ba17b65,jpg
511,The 7 Habits of ...,19,c9c3d568ff6ddb98bde01c9d0b1d920a,jpg
512,Team of Rivals: The ...,23,567575381760b5c1ec018d10d350fc5f,jpg
513,Steal Like an Artist: ...,25,5f17f0e06d7d67717eff3833d309a233,jpg
514,"Sit, Stay, Love",15,8e408552c2e7ee81cd60c03c79f604af,jpg
515,Sister Dear,11,fa570b7a0fb42252f61e1e750c79d417,jpg
516,"Shrunken Treasures: Literary Classics, ...",42,4f1ece2500f8dbacecca42d57befca03,jpg
517,"Rich Dad, Poor Dad",18,18f45d31e3892fee589e23f15d759ee3,jpg
518,Raymie Nightingale,18,8f66ec46e671d6fca79649c10c7c8f8a,jpg
519,Playing from the Heart,22,1cebdf525ebe970a1dc3c5a8c50eae6b,jpg
520,Nightstruck: A Novel,20,c0dfd5388bb38b9c24da2e94534e1198,jpg
521,Naturally Lean: 125 Nourishing ...,34,e6b66353f9325518994dd8b564290fd7,jpg
522,Meternity,9,39e33ebef2d7a35dd6899541eba8306d,jpg
523,Memoirs of a Geisha,19,4180406c788ff3e0f37cd4491a260a5b,jpg
524,Like Never Before (Walker ...,29,17e264d978942f73b859fa1c1d2cf827,jpg
525,Life of Pi,10,e7aee104ca78dac961bd906294fe88f1,jpg
526,Leave This Song Behind: ...,27,31c7c5ce7b04d227aa36ecb250b9dad5,jpg
527,King's Folly (The Kinsman ...,29,3e2d526ee062008ab1cbf54f90a5abb2,jpg
528,John Adams,10,59b4f94b4dc4c7cb844a6f24a5e2a41e,jpg
529,How to Cook Everything ...,26,592dc2dee11b798780f5ae613b970a34,jpg
530,How to Be a ...,15,e25cbc27ebc12e47cdf3f7adc87cccdc,jpg
531,Good in Bed (Cannie ...,23,1df443b1bd6d7a1d804b4780a666438f,jpg
532,"Fruits Basket, Vol. 7 ...",25,b43672509477baa090e57ebeacbb28fb,jpg
533,For the Love: Fighting ...,26,a7d8fda2a874567aab8f61b2b141a5e2,jpg
534,Finding God in the ...,22,ae2ce9662ed6da3de501ff87551ccb2d,jpg
535,Every Heart a Doorway ...,25,50d41a24990208deb72c9802a6c1e540,jpg
536,Delivering the Truth (Quaker ...,32,5731a5d46c2c1e88977eb5e6d1337a2e,jpg
537,Counted With the Stars ...,26,322c1f6cce6d5a69a7d2321779195a0c,jpg
538,"Chronicles, Vol. 1",18,11fc94453c4dc0d68543971d7843afb0,jpg
539,Blue Like Jazz: Nonreligious ...,32,a2f5b5fd4421d56d37c73a7fb29f5f40,jpg
540,Benjamin Franklin: An American ...,34,25f869fa75340fca0fc2a68e8a0412a1,jpg
541,At The Existentialist Café: ...,31,de76d5c473c358bd41c03cf710692bfb,jpg
542,A Summer In Europe,18,4e15150388702ebca2c5a523ac270539,jpg
543,A Short History of ...,22,3cf646523ff7fb8647c500d6325cfcaf,jpg
544,A Gathering of Shadows ...,26,48b20fcc9ab722729de2c4da3d4de26e,jpg
545,The Sound Of Love,17,4e3a151bbe2629a55df09fd318fdeb0a,jpg
546,The Rise and Fall ...,21,e102cefae5bb523bc67eb6b49bc18b5d,jpg
547,The Perks of Being ...,22,ca5b33c09daab4667ed37b330de889bd,jpg
548,The Mysterious Affair at ...,28,3294e5eaf73a37958583483fc9a90f04,jpg
549,The Man Who Mistook ...,23,92fe1c1823653412fe68be2c525dfc3a,jpg
550,The Makings of a ...,20,6f6c7560e254f8242f86ef048f1ba7b3,jpg
551,The Joy of Cooking,18,058ebff59d12ebe40df1844bedd9366b,jpg
552,The Invention of Wings,22,62fa1e72f06f05762db5d9cedf654153,jpg
553,The Hobbit (Middle-Earth Universe),34,8bd38de5367fc675467431f343862569,jpg
554,The Great Railway Bazaar,24,76de41867f323d7f1f4fbe2fdfc1b2ba,jpg
555,The Golden Compass (His ...,27,e79f81bfea1cb8b0503db022b64da713,jpg
556,The God Delusion,16,36643d44134c8a227988927013805e61,jpg
557,The Girl You Left ...,21,d0b6d59c0662dcbd15d47add40af1ebd,jpg
558,The Fellowship of the ...,25,ed75000b92734d99b76a17954857327c,jpg
559,The Collected Poems of ...,26,7e934132cd03486649fb492fe702f704,jpg
560,The Barefoot Contessa Cookbook,30,dd07bd0c443756b9dc260813c1949b4f,jpg
561,Tell the Wolves I'm ...,23,f972e744117c9d4b5fefb3410c0e9f7c,jpg
562,Ship Leaves Harbor: Essays ...,30,31b0e0a42826b326e43235beb8ddd783,jpg
563,Pride and Prejudice,19,c80991f861675b6e75dc7f2f6a50e5a0,jpg
564,Musicophilia: Tales of Music ...,32,02667c5b8f5a5e9e45c0799518f086ca,jpg
565,Mere Christianity,17,d29093abd0b9d5258e2e08b731778158,jpg
566,Me Before You (Me ...,21,a2cd0016b37c0407059147e58e14afe5,jpg
567,In the Woods (Dublin ...,24,24a175dac7cb91ff26e2d723cdc6e098,jpg
568,In Cold Blood,13,eb4ea9c04dccab509451ba31feb6b4e8,jpg
569,How to Stop Worrying ...,24,4f08f7948770912e4e340e10caa604cb,jpg
570,Give It Back,12,8b7c73e075cc687b6890dc0dca9fcbcc,jpg
571,"Girl, Interrupted",17,f9ec97bd8b29cc4e36d6c2b093d04709,jpg
572,Fun Home: A Family ...,22,54ae8233e8422676c241d1cea0b67f1d,jpg
573,"Fruits Basket, Vol. 6 ...",25,941a14dec32f0a949c38a325a715c138,jpg
574,Deception Point,15,fa2d3198b7ba9785e0edd6f41b84d72b,jpg
575,"Death Note, Vol. 6: ...",23,075c210f5ce43b84d29646a54529d1bd,jpg
576,Catherine the Great: Portrait ...,33,72f13b8f069d3a018d2c378be5a1de20,jpg
577,Better Homes and Gardens ...,28,7582e20b84f603358a8d55cd6a0a50f4,jpg
578,An Unquiet Mind: A ...,22,002924b764dc367dcaa3486fa4c0aa0b,jpg
579,A Year in Provence ...,22,db46159b05faa5d95262112bf9c29ddd,jpg
580,World Without End (The ...,26,be7ce6fbc9a8e1a5a5b5c32e73cfd78a,jpg
581,"Will Grayson, Will Grayson ...",30,dea174c8a8dbfd98e5e05c9e479a52b2,jpg
582,Why Save the Bankers?: ...,26,16f545b2e14c16ed4bd0e098a0700b57,jpg
583,Where She Went (If ...,22,0586b3d79013f606494e843de1faea0b,jpg
584,What If?: Serious Scientific ...,32,59bcc421ae9f5a6f12ef11e849fb745d,jpg
585,Two Summers,11,89165d7488fbaa9e60cfcabe56796288,jpg
586,This Is Your Brain ...,22,35a4a7c6c76c4e82186753078e441654,jpg
587,The Secret Garden,17,c5465a06182ed6ebfa40d049258a2f58,jpg
588,The Raven King (The ...,23,da54d953f00d1e465f31f865df3d0f3f,jpg
589,The Raven Boys (The ...,23,3ca4889e4bb7f9a1cc1d7a1c920e9d42,jpg
590,The Power Greens Cookbook: ...,30,821d2c02dcd0a10fc9d533917482746e,jpg
591,The Metamorphosis,17,4a1b6e9c1af75db0dc34ae63344f6883,jpg
592,The Mathews Men: Seven ...,26,f26457d65a03b2636c4bcc7c318f7346,jpg
593,The Little Paris Bookshop,25,50a901fb008c0b8965c8d4da2dff5470,jpg
594,The Hiding Place,16,cf187c1dc5575fcbbf49c58024146c4b,jpg
595,The Grand Design,16,08a957eb34f8047862e225774c3bdde2,jpg
596,The Firm,8,95847132a78de44b7249a2d0a3fe3ef6,jpg
597,The Fault in Our ...,20,696100859e82b2ec7a796129d6cca44a,jpg
598,The False Prince (The ...,25,f8e371e2869d13b9d89999f8d5173245,jpg
599,The Expatriates,15,dbe49e1cb06136eeb51182f551ccdc52,jpg
600,The Dream Thieves (The ...,26,d97a3a4a65b5275ab506b28c7a88e0a5,jpg
601,The Darkest Corners,19,c1ab73a20d02b5f3a5599e7c5704a909,jpg
602,The Crossover,13,9f351ca1978128c60a3b7f85987075b3,jpg
603,The 5th Wave (The ...,21,10d0c5e47d0e8cce16b6b5e6be48cb16,jpg
604,Tell the Wind and ...,21,3b0c5f4df26b73659af4e25107499384,jpg
605,Tell Me Three Things,20,a12f0bec8c8728800f901b4e5f6e3f9a,jpg
606,Talking to Girls About ...,26,078b934613af473daf7ecf918e05d050,jpg
607,Siddhartha,10,ce0be2d86e388540122c222306c6d62c,jpg
608,Shiver (The Wolves of ...,25,847399651d8f2dfae1a0d5a0ea4064b2,jpg
609,Remember Me?,12,3f9572f94858197e92786b194f0f12df,jpg
610,Red Dragon (Hannibal Lecter ...,31,3066f8bcd2e2ed6b45084355ff084a61,jpg
611,Peak: Secrets from the ...,26,83ab65f938b24fa1a9cb47235be49b57,jpg
612,My Mother Was Nuts,18,9bb42bf833e91193ca05badddded4bfb,jpg
613,Mexican Today: New and ...,26,5d029bff299cdb777e06f35800faa628,jpg
614,Maybe Something Beautiful: How ...,34,c0bb6e42743b9c1aaf9b754501100a5d,jpg
615,Lola and the Boy ...,20,bcc8374e0c81ded1486b6225ca4fe78a,jpg
616,Logan Kade (Fallen Crest ...,28,d94e6206c2decd3acd9a61b2cbac7eaf,jpg
617,Last One Home (New ...,22,e40a336622fe578699be5a1eeba18f9d,jpg
618,Killing Floor (Jack Reacher ...,31,ebe9f06ccebf83d9853a846052b58fff,jpg
619,Kill the Boy Band,17,0574a71ccaff1fef1f8e9a1f4c22b7bc,jpg
620,Isla and the Happily ...,24,0d0bd1fce3e0171cf101764393caea41,jpg
621,If I Stay (If ...,17,cbb3754c7bae0d54dcf561aed4f9d6e3,jpg
622,I Know Why the ...,18,c14297e48de02ac420c587822ff329ab,jpg
623,Harry Potter and the ...,24,58e434a6a4eb267eac7aa529b0c2ec15,jpg
624,"Fruits Basket, Vol. 5 ...",25,51cf19c74f21a7043910615fefcf0847,jpg
625,Foundation (Foundation (Publication Order) ...,46,8b9267df86378b6973974ae7e1924ffe,jpg
626,Fool Me Once,12,b69c4ea86e09921aabc4e0431a8273a5,jpg
627,Find Her (Detective D.D. ...,28,f6f2094e8a318093fa53784df2bfeab8,jpg
628,Evicted: Poverty and Profit ...,31,d04f8176cf0527b293114173d01999d7,jpg
629,Drama,5,68ce8be6a167f510d07a7da637b62c6f,jpg
630,Dracula the Un-Dead,19,13fffcde653948339d3427184b7bd0b5,jpg
631,Digital Fortress,16,5c770b251d27aeef263f8ae974ca02e0,jpg
632,"Death Note, Vol. 5: ...",23,4ec161cc09ee437c9eda6d437d232a11,jpg
633,"Data, A Love Story: ...",23,1fd8340d9b3fd95861f0407b4dbb0fa7,jpg
634,Critique of Pure Reason,23,126ef8f6473b81808ebbb9cff155e883,jpg
635,Booked,6,8f46bb13feb3a4440a27dfcf688fbaa6,jpg
636,"Blue Lily, Lily Blue ...",24,db14903b3a56a297ef6aefe7624d637f,jpg
637,Approval Junkie: Adventures in ...,34,17aacb738eace89a635a4eb47a94c11d,jpg
638,An Abundance of Katherines,26,ed4517339d4780f4158c485c83850d20,jpg
639,America's War for the ...,25,eb178eceef1e9290591cabd5155571a3,jpg
640,Alight (The Generations Trilogy ...,35,5ef34ba3e937218db15178a1a5ce195f,jpg
641,A Girl's Guide to ...,21,f7a90a63f66ac92cc280def001970ed2,jpg
642,A Game of Thrones ...,21,13d11b26b46484ee73e9923ff307a7b4,jpg
643,A Feast for Crows ...,21,b36b278233baf55ebaad761d8d3d0fec,jpg
644,A Clash of Kings ...,20,1a298a157f4113d6e0127521aaa1f5f0,jpg
645,Vogue Colors A to ...,21,1f5541682b39b390a3db41430922d510,jpg
646,The Shining (The Shining ...,28,db9686744f93c0e9ff3945144827f99a,jpg
647,The Pilgrim's Progress,22,45bb59d19eb3aa868293d44809078418,jpg
648,The Perfect Play (Play ...,26,4016ffba678f309171d8130135f6eb8e,jpg
649,The Passion of Dolssa,21,6b822681c4035131560d40dd3b5a6a2e,jpg
650,The Jazz of Physics: ...,24,2d32efe1c5f97510596a2cc21c5daf5d,jpg
651,The Hunger Games (The ...,25,41c72a9c7733fc5f7434b2fa33060c54,jpg
652,The Hound of the ...,20,1fb03cdabe6001c8a2620f65e025cbd5,jpg
653,The Gunning of America: ...,27,28a8784d0b38b148a35bce421dc16910,jpg
654,The Geography of Bliss: ...,27,bda0fa21e6d06862920c0eedecc6201e,jpg
655,The Demonists (Demonist #1),27,1ad2a260776198051f4d1849be347cc6,jpg
656,The Demon Prince of ...,23,477173fe3000a6da4b241c2e71a21418,jpg
657,The Bone Hunters (Lexy ...,26,eed4d5d63d13f0aa86575c90f8ccacb7,jpg
658,The Beast (Black Dagger ...,27,1b3f5057f9e7f7cb81a8c10b58024145,jpg
659,Some Women,10,27b7f4ec590965b5acc15dc4b1376684,jpg
660,Shopaholic Ties the Knot ...,28,acba5e4e1813b8c1fff4890f1efef3ab,jpg
661,Paper and Fire (The ...,23,a704d4248b21c0cdd8038c1b8345ed17,jpg
662,Outlander (Outlander #1),24,b10ba73e67297fc8ed9e877bdcf60813,jpg
663,Orchestra of Exiles: The ...,28,15de75548ee9a4c6be1420ee309c03e0,jpg
664,No One Here Gets ...,20,7a7eb52e7075a5305522948375c1316e,jpg
665,Night Shift (Night Shift ...,28,c0029d48c2588e6d2a6a31c9f96088ba,jpg
666,Needful Things,14,2de0eff716ca13d12cf5420e88e1a8b3,jpg
667,Mockingjay (The Hunger Games ...,32,76b462eda7a84ccf39a543d63c695ca7,jpg
668,Misery,6,7c9302e392e128881e926d19f761da33,jpg
669,Little Women (Little Women ...,30,81f559ebe403317226fa8b611e35ce8a,jpg
670,It,2,f7b73392b12909a1e8261ef3f96c5fd1,jpg
671,Harry Potter and the ...,24,04c8a51d23d4335d300324e917ca4d8f,jpg
672,Harry Potter and the ...,24,d1fbdddb0d4fb0c445a33c6d003d0990,jpg
673,Harry Potter and the ...,24,9611147982037cd7d79483452938c10f,jpg
674,Harry Potter and the ...,24,c8248518fb59de3a798a4b5baae949b5,jpg
675,Harry Potter and the ...,24,fc08dcfc1ae86bbd5bc0bca74c9b6d3d,jpg
676,Gone with the Wind,18,2782701b5c877cb063065b9fc14c5b13,jpg
677,God Is Not Great: ...,21,d280aed3d0c46653a9c33f76559e9e6d,jpg
678,Girl With a Pearl ...,21,b7ad37d93d8401c84d7325aa645ff6d5,jpg
679,"Fruits Basket, Vol. 4 ...",25,38794d8729a111018260d931e7101de2,jpg
680,Far From True (Promise ...,26,8754267f27581996f93e8d94d3c04bf9,jpg
681,Dark Lover (Black Dagger ...,28,3ca2e61181fc1122658af8f85354bae8,jpg
682,Confessions of a Shopaholic ...,31,e3b5a3dcc2993295f5a6fb429052799c,jpg
683,Changing the Game (Play ...,27,57472d9c6d483bee9c38c90bfa10b3ee,jpg
684,Candide,7,e3c4aba2409bb769a6488805e3fc4709,jpg
685,Can You Keep a ...,18,7273ff1bfe3b0a6aab7f54ddf9be7b44,jpg
686,Atlas Shrugged,14,a54fea8d034eba2ee4d1b8af30f1a308,jpg
687,Animal Farm,11,10db56354b4550d92270c6f097d9bebc,jpg
688,A Walk to Remember,18,fa1b0fac146201645c740b02802e2211,jpg
689,A New Earth: Awakening ...,26,83c834b3779be4e577c37ead6d2acf65,jpg
690,A History of God: ...,21,7191a7d76eb6c3a18259541e2c038ae3,jpg
691,'Salem's Lot,12,eed3afc5e444e3da5eec34e2b0036ec7,jpg
692,Zero History (Blue Ant ...,26,74524b04dc99cbfc7bf5d37fcc1489ab,jpg
693,Wuthering Heights,17,934e966c1ddf559d3ac2b5c1407aaf1e,jpg
694,World War Z: An ...,19,7ebfa1c62b21beeaad37a6474a39cfe8,jpg
695,Wild: From Lost to ...,22,c841873951efb18dea28162452efff58,jpg
696,"Where'd You Go, Bernadette",26,c67eb0d6e56c4459e8c0d45c08471a89,jpg
697,When You Are Engulfed ...,25,733662595aede2dff1a5be1e76a3b936,jpg
698,We the People: The ...,22,f65271ce557e9192537e24847bbb1210,jpg
699,We Are All Completely ...,25,4d1891e435c6692c864331c585e0d014,jpg
700,Walk the Edge (Thunder ...,26,612ce7fa4cbee472392ce8721a4e863e,jpg
701,Voyager (Outlander #3),22,b5d813da01f2ccd7bcfe34e2b875e752,jpg
702,Very Good Lives: The ...,24,abac4222af5cc296b704a0e5df82e162,jpg
703,Vegan Vegetarian Omnivore: Dinner ...,37,80631f8bca036361343fdce528725654,jpg
704,"Unstuffed: Decluttering Your Home, ...",38,1407c2d6318956b10abd970c2e83154d,jpg
705,Under the Banner of ...,23,142f99787241bb65e031a76e74e14d1b,jpg
706,Two Boys Kissing,16,53bd80b1fc1914f418dc31a9d6571cb1,jpg
707,Twilight (Twilight #1),22,7010c24f80a4172f7405677ef0592f26,jpg
708,Twenties Girl,13,a0fa38039f6a674a7c89dfe2be866259,jpg
709,Trespassing Across America: One ...,35,77bcc3cde72998ee488ac169f7e4e540,jpg
710,Three-Martini Lunch,19,1d8eb8aaebd14464fc58a681091b8d45,jpg
711,"Thinking, Fast and Slow",23,b4a56663d56f1e84ee1b15bd819563cc,jpg
712,The Wild Robot,14,bfdbf9726621276fc7821d705690dbae,jpg
713,The Wicked + The ...,20,eeeddf8af9e6cc8c7f71c0e41de1b562,jpg
714,The Undomestic Goddess,22,138f4cf84be250d08e1f5c1db3643dbc,jpg
715,The Travelers,13,2aa8afd15f97617ab75f616766161cda,jpg
716,The Tipping Point: How ...,26,273d4c813111bc482e8c473ebd90fbbb,jpg
717,The Thing About Jellyfish,25,e090748ce5a567207aed9185c97eb34b,jpg
718,The Stand,9,3a7c2393061031e7911d7b533b723391,jpg
719,The Smitten Kitchen Cookbook,28,8e09faaea71886048b27959e607e6c7b,jpg
720,The Silkworm (Cormoran Strike ...,33,3a2c46cd40a7ecbd7c40815d6390fb8a,jpg
721,"The Sandman, Vol. 3: ...",24,bb1845c22faea465cad3d556d22936a2,jpg
722,The Rose & the ...,18,579cd2ca789c8a796a1864d08ee8d686,jpg
723,The Road to Little ...,22,e04f8eda2a2fa947aec17640202d9ab0,jpg
724,The Rise of Theodore ...,24,ffd45d95f314555e20c923d3522adea7,jpg
725,The Restaurant at the ...,25,b8b2956acc758a381beef87339c0a52f,jpg
726,The Rest Is Noise: ...,22,4de1d174bf4ab498788c9488c9fd29fc,jpg
727,The Red Tent,12,b28f211e50e74445ca071d4279d1080d,jpg
728,The Purpose Driven Life: ...,28,9508e6b28fe4c63e67b3ef33f11eff98,jpg
729,The Purest Hook (Second ...,27,1568ef85fdb4e405b9f8bc62ef855c10,jpg
730,The Picture of Dorian ...,25,a67245346daa38c2b23a4fc64c6e7115,jpg
731,The Paris Wife,14,01c847671683538fcf084eede54d6270,jpg
732,The Obsession,13,2493c74c614afcc435cc00e33bd55f64,jpg
733,The Nightingale,15,77aa0ef1f62a0b0b40000a81f65c4e65,jpg
734,The New Guy (and ...,20,d89dc869d5ea1462fd746ac6de97583f,jpg
735,The Nanny Diaries (Nanny ...,28,635fb981e464f7427787824b20a15e71,jpg
736,The Name of God ...,19,d241ca89679593a589a6614162ab6eb6,jpg
737,The Maze Runner (The ...,24,5e87e44785de47c2a03091deaa82330f,jpg
738,The Lover's Dictionary,22,47e7563b0731a2b8131233f70d211f7a,jpg
739,The Lonely Ones,15,21bdf7ae21476b1debf4aa3eefe6f29d,jpg
740,The Lean Startup: How ...,25,39f167dff90d7f84f5c8dc5e05d4051b,jpg
741,The Last Painting of ...,24,bffd473ab232c5f35e8c81bb927f1624,jpg
742,"The Land of 10,000 ...",22,ae93b007df22c99ea2ff2f907b06663e,jpg
743,The Infinities,14,9c445b33d53b3810f1c12f4adad71a27,jpg
744,The Husband's Secret,20,f05be79a4b319e24819c318e35e6963c,jpg
745,The Hitchhiker's Guide to ...,29,41747f533b211d324799a03dc64ed175,jpg
746,The Guns of August,18,06c897070611b78b80a37333cbb7851c,jpg
747,The Guernsey Literary and ...,29,18f7bf6366cd7a8b947fd790d808047b,jpg
748,The Goldfinch,13,fb4dde3351d00ef104f29aeecd2d41fb,jpg
749,The Giver (The Giver ...,24,b3eda9490c9e2ed02c3a8650e687731b,jpg
750,The Girl with All ...,21,41c74d82b853606fe98182c417b4669c,jpg
751,The Girl Who Played ...,23,117145e4525b2e801e2cd1ba4dd70441,jpg
752,The Girl Who Kicked ...,23,2aa2d8c4a8bfc1972c806ca16718e5c5,jpg
753,The Exiled,10,2d1aeb1cc8a23064164e230fa232cc04,jpg
754,The End of Faith: ...,21,9d5631724c6496b2f012fa5d2f2b6abd,jpg
755,"The Elegant Universe: Superstrings, ...",39,69c83860995cde393dbe6690ec3f1d4f,jpg
756,The Disappearing Spoon: And ...,31,f969969428b505970a46272fdcea00d3,jpg
757,The Devil Wears Prada ...,25,87d34d376555dd0cb75030d1059cc144,jpg
758,The Demon-Haunted World: Science ...,36,4a352dc298e4bbe6ba5f81bbc0d41ca0,jpg
759,The Day the Crayons ...,23,ec08efebaa33a403e54080b48c139794,jpg
760,The Da Vinci Code ...,21,cfd553eaa00f4d6091c459081cd98199,jpg
761,The Cuckoo's Calling (Cormoran ...,34,11815f24d043f77d4f09a3522a688a5c,jpg
762,The Complete Stories and ...,28,42c48f11b7e70a0f76c5ba9cb5c5018a,jpg
763,The Complete Poems,18,e5f270cf4a079a7d411439abe17691e0,jpg
764,The Catcher in the ...,22,70f4dbf8110363f4e7ef32db0ce2a675,jpg
765,The Cat in the ...,18,9bf106306301a44635aa7bd381c84e4d,jpg
766,The Case for Christ ...,23,123d05986974943a58c5cfa518e11e6d,jpg
767,The Book Thief,14,ffa08bf29ae0a5c9e91564dba71cde90,jpg
768,The Book of Basketball: ...,27,612caeb0b2acb35c100629f0f52a40d7,jpg
769,The Blind Side: Evolution ...,29,5eeecab909b9e87ddfb6e3d31078fbbf,jpg
770,The Autobiography of Malcolm ...,32,84074b59293cc5bf4012ef0f60e90c4f,jpg
771,The Art of Simple ...,21,9657c6d89024e343879a7b5512474f1e,jpg
772,The Art of Fielding,19,68a6112c857e595c684f2a1a3287ba16,jpg
773,"Surely You're Joking, Mr. ...",29,f8bcd489d33473e0819beaecccd5ebac,jpg
774,Stiff: The Curious Lives ...,28,a0a013b029130df92073f547df83ee5c,jpg
775,Spilled Milk: Based on ...,26,a80d4310cab08a3660149fd3f2cf15c7,jpg
776,Something Borrowed (Darcy & ...,31,6d6d5799190b4f9ef89f3bbc8b67d60d,jpg
777,Something Blue (Darcy & ...,27,72f5ed312bc82afa386c9cd48d4e36dd,jpg
778,Soldier (Talon #3),18,7b96f6e11b388ee800c7fd17fe479444,jpg
779,Shopaholic & Baby (Shopaholic ...,33,f0a48c8cc6acd322eacd9d35e55d63e7,jpg
780,Seven Days in the ...,21,352c1a7e155c5d03d073bf8ce1564caa,jpg
781,Seven Brief Lessons on ...,26,c863c222c130a1bc8685a1242dd2523d,jpg
782,Scarlet (The Lunar Chronicles ...,33,b65c3622c0da689990fd1d7f1a0b826c,jpg
783,Sarah's Key,11,95b235aeeae2d1849b78562f36e10aec,jpg
784,"Saga, Volume 3 (Saga ...",24,d8fd30b3e5781e880a3efe4c9495b417,jpg
785,Running with Scissors,21,66c7a1537c8901e1e4ec217d1956bae8,jpg
786,Rogue Lawyer (Rogue Lawyer ...,30,92e4e180ba8fbde3b8ac0c1e71cfc5f4,jpg
787,Rise of the Rocket ...,22,05428b0c7b79d0dbc521fd621e754083,jpg
788,Rework,6,5410a58193e2373c04b3021ade78a82b,jpg
789,Reservations for Two,20,39a4d96a5bc75a34aae97676a4b854fa,jpg
790,Red: The True Story ...,23,704e81b05e56dd84ecf607ea283952db,jpg
791,Ready Player One,16,513418bd1c6114f3ea1fd703278e20ef,jpg
792,Quiet: The Power of ...,23,ee3aebe36d1d0fa11a95a07067294b8c,jpg
793,Prodigy: The Graphic Novel ...,30,c9a559e3ba407c1d70ebfc4e2f0d82db,jpg
794,Persepolis: The Story of ...,28,14987a55d9609e706d2619814e2a8b0a,jpg
795,Packing for Mars: The ...,25,8d7216b05e1b5edf9bdb0d2db295ca33,jpg
796,Outliers: The Story of ...,26,70372ab3240019fbe2de6cd407c98675,jpg
797,Original Fake,13,e72934871f9b42a807d976670a446e12,jpg
798,Orange Is the New ...,21,d9ea34aea25469189bca07af6a18790a,jpg
799,One for the Money ...,21,4e52f087337abef25de62845f093ed6e,jpg
800,Notes from a Small ...,22,61393c43f7caaccaa07daccaa8530736,jpg
801,Night (The Night Trilogy ...,28,e3ccf96311f9c1b9e9ecc80e16c05f4e,jpg
802,Neither Here nor There: ...,27,0681530a7bc301caf5c3257e1b0f0750,jpg
803,Naked,5,e71268a559d73826aa64151d47357a12,jpg
804,Morning Star (Red Rising ...,28,b5f04530d0343e763a80ef3f2dbdb386,jpg
805,Miracles from Heaven: A ...,27,7c8ea0cef3825cc6ddae55267c55a59e,jpg
806,Midnight Riot (Peter Grant/ ...,31,e6574a313ad7e6adf97a1d71318f9a7f,jpg
807,Me Talk Pretty One ...,22,989fe700e9e6bdec4fc3217daa5b7df3,jpg
808,Manuscript Found in Accra,25,26b72a3c1cf2a8afdbe92fa1a1d78f41,jpg
809,Lust & Wonder,13,61ba5bc1ee3d8cb3dd350120ffa3f31e,jpg
810,Lila (Gilead #3),16,2b99a765a013979637b4a6726bfb10f5,jpg
811,"Life, the Universe and ...",26,ef8bc5adcd3bea8e8ba97be76d07a32a,jpg
812,Life Without a Recipe,21,80b3e38be4204b3b64cdbe8c80dcf1f9,jpg
813,Life After Life,15,59803a88c2e5dd7a2e36de1d41f7f1ae,jpg
814,Letter to a Christian ...,25,74c2893188f917409ba564d46f481f77,jpg
815,Let's Pretend This Never ...,28,78e1b9ccc99ba11d78015f0a18f0b421,jpg
816,Legend (Legend #1),18,6c6c0984ab57d6b4f71d84dd0db0f65b,jpg
817,"Lean In: Women, Work, ...",25,4fe55bc7134401f6db04f0775ead1d4c,jpg
818,Lamb: The Gospel According ...,30,a10370da29e4ba78c7a75a14041eae0e,jpg
819,Lady Renegades (Rebel Belle ...,31,d2c259e13fe3097325549a14f996b462,jpg
820,Jurassic Park (Jurassic Park ...,32,9a7160b396790bd4a351522278de4f8c,jpg
821,It's Never Too Late ...,23,fa3659740e31eb57775cc2647654bf11,jpg
822,Is Everyone Hanging Out ...,27,6b94e98f822a42c03c4ff0b9cfdd6e0c,jpg
823,Into the Wild,13,e2ca3b870db8071034edea19b1da3de2,jpg
824,Inferno (Robert Langdon #4),27,e3111146083821b5a3670d869ab40d2a,jpg
825,In the Garden of ...,20,2582a9f11ad68a30e44cc0b459383474,jpg
826,If I Run (If ...,16,c3d0f2fb5cacbca64639a679b962e1b9,jpg
827,I've Got Your Number,20,b2df826432771838819db89c20e20609,jpg
828,I Am Malala: The ...,20,527a7d3b9b4928c093cadd75661bf467,jpg
829,Hungry Girl Clean & ...,23,6fc450625cd672e871a6176f74909be2,jpg
830,House of Lost Worlds: ...,25,43fda1db93163d67705264dcfa98aaa5,jpg
831,House of Leaves,15,142563ccee483bc07632f9c083a68326,jpg
832,Horrible Bear!,14,d26337dee5c0b13b56b7aea59d611570,jpg
833,Holidays on Ice,15,4b9a2a6d4c995e12fe216f6173a582be,jpg
834,Heir to the Sky,15,6db1568e09d10652593638a5f85e7202,jpg
835,Green Eggs and Ham ...,22,3a0e75e4f758f90a80965869afbe41b4,jpg
836,"Grayson, Vol 3: Nemesis ...",27,f94cfc3c82abb799568d1ea029b1d3d1,jpg
837,Gratitude,9,07b673e7d367a5e89418bd513a8d5e72,jpg
838,Gone Girl,9,24ad42075b1aa1403aef934c29c1e8ba,jpg
839,Golden (Heart of Dread ...,26,392fedbcda7bf8f968d5e6643ea5545f,jpg
840,Girl in the Blue ...,20,bf7a5bc1d1ebac5e9b6fbb147828a123,jpg
841,"Fruits Basket, Vol. 3 ...",25,7be75475a916d6df4edebfc5fe36c3f9,jpg
842,Friday Night Lights: A ...,26,7dcf6c3b419bf7e7e3b3b8162b177869,jpg
843,Fire Bound (Sea Haven/Sisters ...,33,cd53431a069ee01572988de29ef68da5,jpg
844,Fifty Shades Freed (Fifty ...,29,18d8e02c75c2ef23556c9746fae57e43,jpg
845,Fellside,8,f48f179d6bda290b66b2d165e0a419e6,jpg
846,Extreme Prey (Lucas Davenport ...,33,de86d4f1563fad2ca088922fbbb2b36a,jpg
847,Eragon (The Inheritance Cycle ...,33,2d625f26cb3bbeef851221f125b81daf,jpg
848,Eclipse (Twilight #3),21,05f833af99c37decb506e34e36f5cdaf,jpg
849,Dune (Dune #1),14,7abccb865ecf9b0f676800b10c71cfd6,jpg
850,Dracula,7,efd7c316b4d60a403ba6d111fdeb2d41,jpg
851,Do Androids Dream of ...,24,fa653fbe3a4c69227c9b79d471cee576,jpg
852,Disrupted: My Misadventure in ...,33,2c32dd01215c98fc1f6b176b6a9b3ece,jpg
853,Dead Wake: The Last ...,23,690ee5b7ef94ea460861eee2e67fd787,jpg
854,"David and Goliath: Underdogs, ...",33,df9520adbabbb17f22fcb3f49c69640f,jpg
855,Darkfever (Fever #1),20,af08d08c90b4df63ca5a2819a754da18,jpg
856,Dark Places,11,51bf575f9af355f4f9f98abe8986402a,jpg
857,Crazy Rich Asians (Crazy ...,28,9a621372fed3a80015283013d8a452cd,jpg
858,Counting Thyme,14,e0ae97753a73b88b61b13b19977613dc,jpg
859,Cosmos,6,657b1d20ea50775c5c87e039ed8aeebc,jpg
860,Civilization and Its Discontents,32,4da6939a6bbd895a5acdeabad46d1f9f,jpg
861,Cinder (The Lunar Chronicles ...,32,4ed2ec75df84ba1093fc4141b29abab3,jpg
862,Catastrophic Happiness: Finding Joy ...,39,7d0bb832760e81c281d8d283ba6a2b09,jpg
863,Career of Evil (Cormoran ...,28,9eff8b66d583e8f0ba58a0bc86de40f2,jpg
864,Breaking Dawn (Twilight #4),27,ce242d3eb00bf1938d6c18e0261ef868,jpg
865,Brave Enough,12,94c7add56827e01998189a021ec060e2,jpg
866,Boy Meets Boy,13,0baceb72d202880d1441a32193df6e11,jpg
867,Born to Run: A ...,18,eaee98b302dcaf91d1122816ae553295,jpg
868,Blink: The Power of ...,23,5d415bc31b1f856a2a9dc8706fd19abd,jpg
869,Black Flags: The Rise ...,25,485d2c4cedd639fcb005340a8d589bb3,jpg
870,"Black Butler, Vol. 1 ...",24,9948564dec3ac2f9e32419911b181e37,jpg
871,Big Little Lies,15,efb72b546fc7cab4ba1735b4b82c5851,jpg
872,Between Shades of Gray,22,f919f64fc0e3642cdc604134bfd93774,jpg
873,Best of My Love ...,19,068ccab8875670fccb8b72234370d16f,jpg
874,Beowulf,7,dd6e7b84e99f3b4b5655ea0db74af2b4,jpg
875,Beautiful Creatures (Caster Chronicles ...,42,8206f351bd1ff6f52eed515a3b366916,jpg
876,Awkward,7,417255e608c389aedfb68491dae92c9c,jpg
877,Ash,3,d7f00033bda3779b2fd017e32e7c800c,jpg
878,Are We There Yet?,17,f8be3238a1cf039a3e7d50de1d4c2cfd,jpg
879,Are We Smart Enough ...,23,71d199b2abd878b9943dc818b77a1e72,jpg
880,Annie on My Mind,16,88baf408218bf1e31626211da4329c6b,jpg
881,And Then There Were ...,23,21bf2eb0bff3134837def8bd40845ba0,jpg
882,A Walk in the ...,17,25ffbe6f0e8961a1cb2ace38a5b02279,jpg
883,A Visit from the ...,20,9202adfd4bc39e4058c5b9e851ffbf5a,jpg
884,A Storm of Swords ...,21,3983449f17095ed15a4878d6bc8114c9,jpg
885,A Heartbreaking Work of ...,27,7a587c5814f33c0c54e8bfa0ef66d690,jpg
886,8 Keys to Mental ...,20,b844a77409f1d53cbb66148820abc217,jpg
887,#GIRLBOSS,9,709a7625e50abf3fc3f26c0396a62131,jpg
888,The Suffragettes (Little Black ...,34,eec3857d573218bfd22b23b80bfe740e,jpg
889,The Sense of an ...,19,7546899e546c4aa11b501c0c41060727,jpg
890,"The Sandman, Vol. 2: ...",24,e3ae48fe07d77611b49b5b78d99418ae,jpg
891,The Course of Love,18,f2c952cfbce6ab5d8400a0bb8ee4eb5c,jpg
892,Sugar Rush (Offensive Line ...,30,c3a90a5baa833a37c29c4b03a444737c,jpg
893,"Saga, Volume 2 (Saga ...",24,1aeb5d30809ad96d7c323228a2bd23d3,jpg
894,"Run, Spot, Run: The ...",23,91e6190dcdd7d6cdeb94a82b60917ec4,jpg
895,New Moon (Twilight #2),22,5a1fa3ec68add137878b42243813263d,jpg
896,Life,4,9997eda658c2fe50e724171f9c2a2b0b,jpg
897,Kindle Paperwhite User's Guide,30,3e49769bf9bf83d3bb25c6f93a7fcca2,jpg
898,H is for Hawk,13,783c89d21306b712d832dbac267b786a,jpg
899,Girl Online On Tour ...,23,e0221ab11b1d093a2d03927b4962c544,jpg
900,"Fruits Basket, Vol. 2 ...",25,e9fb3236b73384253144f89b6eec6a68,jpg
901,Diary of a Minecraft ...,24,47160ff71abe23cb52968b3d1b9b7988,jpg
902,"Y: The Last Man, ...",20,ae169bb5ae814e0fb900cdf9e99332a7,jpg
903,While You Were Mine,19,45e87bcad554d79eadf0f89df9cac6f9,jpg
904,Where Lightning Strikes (Bleeding ...,37,73d948af3f2adb6dd693ff4bd43e7760,jpg
905,When I'm Gone,13,13a361d57f2b6021b2ae395a6fedd475,jpg
906,Ways of Seeing,14,a83a4d31d30dc3cb26a29899a5c3b91d,jpg
907,"Vampire Knight, Vol. 1 ...",26,4b972f89c11900ac0e84726d1f07bfcc,jpg
908,Vampire Girl (Vampire Girl ...,30,ea5547a00ad163902faba6929369bc77,jpg
909,Twenty Love Poems and ...,25,dfab1d94f9190df7c13b63a093a6d16e,jpg
910,Travels with Charley: In ...,28,ff60e98e3da9c76d6f65b26bd7142d94,jpg
911,Three Wishes (River of ...,26,c721943edf481cad5ab32505e2ad3865,jpg
912,This One Moment (Pushing ...,28,9b061431c4fbb98cc18068a523a49988,jpg
913,The Zombie Room,15,1a2d5e478c6b33738ff17e7acfbd8b66,jpg
914,The Wicked + The ...,20,64752f8cdae54b164fb81bfd81accd55,jpg
915,The Tumor,9,dbf4f5d4e7c0364b078aa5ce7e196853,jpg
916,The Story of Hong ...,21,ab16eb035cc58809a73c4699477de9cb,jpg
917,The Silent Wife,15,9ba37429e4a2307fe0b2f4f4162dd636,jpg
918,The Silent Twin (Detective ...,30,a07b53e1708f9055145aa1ec3af8608d,jpg
919,The Selfish Gene,16,0814f26516fb72b7391d0a742b5928a2,jpg
920,The Secret Healer,17,69d225899cce0a150c605ead01e02f60,jpg
921,"The Sandman, Vol. 1: ...",24,56eac75378feb4cab0dcb9d2101cf58b,jpg
922,The Republic,12,7b2cb77c4608fce189caebaa842e135d,jpg
923,The Odyssey,11,0de8211253c4131e0caf9e8528d99443,jpg
924,The No. 1 Ladies' ...,21,342ec55d460f3dd49d77dac2bd4ff489,jpg
925,The Nicomachean Ethics,22,f0aa9ae0319b1d6e0706e6053020e696,jpg
926,The Name of the ...,19,6ab3616e7495ef64b1546a178cf8a9e7,jpg
927,The Mirror & the ...,20,84a85a5ecca2bdc17e219241938ebdba,jpg
928,The Little Prince,17,c078355608dd81c7c5e4f5e1c5f73d23,jpg
929,The Light of the ...,20,178e6e1cee8e5980e31148ea10a7321f,jpg
930,The Last Girl (The ...,22,da4746e620f8ccd7cf20628d1a5e535a,jpg
931,The Iliad,9,b449e504e387b69322d85e76a57ab60f,jpg
932,The Hook Up (Game ...,21,38f1543cd2d51c2728678f5ecc128958,jpg
933,The Haters,10,4ce9f937ac784ae0b377bcbf2a38a8b2,jpg
934,The Girl You Lost,17,900dba6987796f4312a6a6737b0ea94d,jpg
935,The Girl In The ...,19,d8f77fe7f4bb8610e903741441f84702,jpg
936,The End of the ...,18,fe47782c4f8194a4d93ec1381108be88,jpg
937,The Edge of Reason ...,22,db341aa83daa76cd9f9bd2c86ccb5dba,jpg
938,The Complete Maus (Maus ...,27,a6f889e0ba02be31875d3a324090ef5e,jpg
939,The Communist Manifesto,23,bbcd1a94ebc9fb56f8d079df4557f8e2,jpg
940,The Bhagavad Gita,17,4e69dacc99de838814d0f65c94e67f6c,jpg
941,The Bette Davis Club,20,2308bf77130cf0a917642d82dbf4be05,jpg
942,The Art of Not ...,18,3726bb1bf30241b6d6f8c8488ad70989,jpg
943,Taking Shots (Assassins #1),27,ea92404bce04a4bc76f3ed9c5344b2bf,jpg
944,Starlark,8,b49e66e8f446d9a3dae488955f2aa487,jpg
945,"Skip Beat!, Vol. 01 ...",23,6c607509837e2b362ffd7c0e15e7b1f9,jpg
946,Sister Sable (The Mad ...,25,2c89c4c5528ab4b9101701437953df75,jpg
947,Shatter Me (Shatter Me ...,26,f031254cafbdff0092c76c8dcba24139,jpg
948,Shameless,9,a2198abf12e3287f84997b35f4e1050e,jpg
949,Shadow Rites (Jane Yellowrock ...,33,7a0d52ec06a57c117c0b99c7980756e7,jpg
950,Settling the Score (The ...,27,9b4ece2ab5a6335c8594c878e2f22df1,jpg
951,Sense and Sensibility,21,7d53e2264b9647ee307259be9f73585d,jpg
952,"Saga, Volume 1 (Saga ...",24,c6cab3f679acb45fd2eba092ec9f6a2a,jpg
953,"Rhythm, Chord & Malykhin",24,4385ee0304bc3546f2b6eaa75c46d4f8,jpg
954,"Rat Queens, Vol. 1: ...",23,0d22f9ee696b7443d1573e7752645c6d,jpg
955,Paradise Lost (Paradise #1),27,66f9edebe41032584e08dcf2fc27b8b4,jpg
956,"Paper Girls, Vol. 1 ...",23,872ba3b06a97e6662770bc2152595b84,jpg
957,Ouran High School Host ...,26,d5c5a6ebf05b68bee78a38a8ea62305d,jpg
958,Origins (Alphas 0.5),20,129b70d7b45d78a26459e7445e0e13e2,jpg
959,One Second (Seven #7),21,3ff3f7a0f3c949bb7adbe5f7fe80b9ab,jpg
960,On the Road (Duluoz ...,23,b83e5f1b9c1dcfe0ef05cff4b080e0fa,jpg
961,Old Records Never Die: ...,26,7e947f3dd04f178175b85123829467a9,jpg
962,Off Sides (Off #1),18,03ed67ea504353b91b035151d8e80db2,jpg
963,Of Mice and Men,15,0fca4597765ffacdb7bd529fc5eb88fa,jpg
964,Myriad (Prentor #1),19,6bfae8a489ff53f50467705c1e6fff19,jpg
965,My Perfect Mistake (Over ...,28,0d03eb55ed070a53b6c4b6eedd48b458,jpg
966,"Ms. Marvel, Vol. 1: ...",23,f496db4d78639e233978ae2bee021752,jpg
967,Meditations,11,dfc9ed72e963572d23233b3a8cb01676,jpg
968,Matilda,7,0347bd215f4813edd81c2cd76bab53ca,jpg
969,Lost Among the Living,21,5a40d914bc3491e5909f1167f9cb34f2,jpg
970,Lord of the Flies,17,3373a168b588e3fb19c558a21da71ac9,jpg
971,Listen to Me (Fusion ...,24,00dd43f59d255cbc16e9d9c9ed20a997,jpg
972,Kitchens of the Great ...,25,5e379c1cc7003127bc74257a1b721540,jpg
973,Jane Eyre,9,0b9bd2c1de5ec402b2c797b53e5257f6,jpg
974,Imperfect Harmony,17,fb299a516730a2f2602b10f945f7a8e5,jpg
975,Icing (Aces Hockey #2),22,8d1e285bf672b2ea66879490cc5f6904,jpg
976,"Hawkeye, Vol. 1: My ...",23,16460146a1a8b99c82da027368383ade,jpg
977,Having the Barbarian's Baby ...,31,f4835e9f3fdd8b8107bbb39a391654f0,jpg
978,"Giant Days, Vol. 1 ...",22,350b1224dc46533851d5a34134e44842,jpg
979,"Fruits Basket, Vol. 1 ...",25,7cc13a8fb238202250e87843c1a62f94,jpg
980,Frankenstein,12,0025515e987a1ebd648773f9ac70bfe6,jpg
981,Forever Rockers (The Rocker ...,31,7fb03a053c270000667a50dd8d594843,jpg
982,Fighting Fate (Fighting #6),27,57e255929f6e597c18cb3843904cd92b,jpg
983,Emma,4,09638baaef52f03827c215029c632a13,jpg
984,"Eat, Pray, Love",15,2195c296e82620593a143356aeaa7745,jpg
985,Deep Under (Walker Security ...,31,74e4ec43c40926c7b57fc0fe0f397183,jpg
986,Choosing Our Religion: The ...,30,dfabeab158046237ddb6b713b794909f,jpg
987,Charlie and the Chocolate ...,29,d6cc0c66e34dfc214b406208bbaf18e2,jpg
988,Charity's Cross (Charles Towne ...,34,39e008f84bbd24b49a7532c2024b855e,jpg
989,Bright Lines,12,1243e7eb614f57f0e4cfee80553fa312,jpg
990,Bridget Jones's Diary (Bridget ...,34,0c329cbd2adf4e0dc825f892106673b2,jpg
991,Bounty (Colorado Mountain #7),29,80ff924ed78cd7c5172410d0d92f8dfe,jpg
992,Blood Defense (Samantha Brinkman ...,36,cbf6d4b61953f29d7eedd2c9e01a9d74,jpg
993,"Bleach, Vol. 1: Strawberry ...",30,a8383903c98af18b898b9d70d5be2c16,jpg
994,Beyond Good and Evil,20,ab45f300aa15066ad1260d6f1398d03e,jpg
995,Alice in Wonderland (Alice's ...,32,96ee77d71a31b7694dac6855f6affe4e,jpg
996,"Ajin: Demi-Human, Volume 1 ...",30,097cb5ecc6fb3fbe1690cf0cbdea4ac5,jpg
997,A Spy's Devotion (The ...,25,1b5ff86f3c75e51e24c573d3f8bffd8f,jpg
998,1st to Die (Women's ...,23,2b4161c5b72a4ae386b644682361b34a,jpg
999,"1,000 Places to See ...",23,d70f7edd92705c45a82118c3ff6c299d,jpg
